id,year,title,subtitle,author_ids,abstract,pdf
1,2020,“Stranger Things – Prototyping Inconvenience”: A Case Study On Critical Design In Design Education,ACM DIS 2020 Workshop – Speculative and Critical Design in Education: Practice and Perspectives,,,
2,2019,On the relevance of cartography — An interaction design perspective,"Proceedings of the International Cartography Conference 2019 (ICC 2019) – Tokyo, Japan",,"We see more cartographic products in our digital world than ever before. But what role does cartography play in the modern production of cartographic products? In this position paper, we will argue that the democratization and diffusion of cartographic production has also led to the presumed ""fading relevance"" of cartography. As an argument against this notion, we highlight starting points for the field of cartography to improve modern cartographic production through its inherent cartographic knowledge.",https://idl.fh-potsdam.de/wp-content/uploads/2019/07/190410_icc2019.pdf
3,2017,Hazards and accessibility: combining and visualizing threat and open infrastructure data for disaster management,"Proceedings of the International Cartography Conference 2017 (ICC 2017) – Washington D.C, USA",
							</div>

						<div class="publication-more">
													<a class="download-link" target="_blank" href="https://idl.fh-potsdam.de/wp-content/uploads/2017/03/ica-proc-1-115-2018.pdf">PDF</a>
				 – 				<a href="#" class="show-content"><span class="show">Show Abstract</span><span class="hide">Hide Abstract</span></a>
							</div>
			
			<div class="entry-content">
				The assessment of natural hazards and risk has traditionally been built upon the estimation of threat maps, which are used to depict potential danger posed by a particular hazard throughout a given area. But when a hazard event strikes, infrastructure is a significant factor that can determine if the situation becomes a disaster. The vulnerability of the population in a region does not only depend on the area’s local threat, but also on the geographical accessibility of the area. This makes threat maps by themselves insufficient for supporting real-time decision-making, specially for those tasks that involve the use of the road network, such as management of relief operations, aid distribution, or planning of evacuation routes, among others. To overcome this problem, this paper proposes a multidisciplinary approach divided in two parts. First, data fusion of satellite-based threat data and open infrastructure data from Open- StreetMap, introducing a threat-based routing service. Second, the visualization of this data through cartographic generalization and schematization. This emphasizes critical areas along roads in a simple way and allows users to visually evaluate the impact natural hazards may have on infrastructure. We develop and illustrate this methodology with a case study of landslide threat for an area in Colombia.			</div>

		</div>
			<div id="publication-428" class="publication group">

			<h4>Communicating landslide risk by combining hazard and open infrastructure data in interactive visualizations</h4>

			<div class="publication-meta">
													<ul class="publication-authors">
											</ul>
				
												–	<span class="publication-conf">EGU 2017, European Geosciences Union General Assembly</span>
							</div>

			
			<div class="entry-content">
				Over the last years, abundant research has been done in order to analyze risk and to provide relevant information that improves effectiveness in disaster management. The communication of natural hazards risk has traditionally been built upon the estimation of hazard maps. In the context of landslides, hazard maps are used to depict potential danger from landslides and visualize the possibility of future landsliding throughout a given area. Such hazard maps provide a static snapshot of the local estimated threat in a region. However, in mountainous regions, a sufficiently large landslide in remote mountainous areas may represent a potential threat to settlements located downstream of a landslide event. The research presented here proposes an approach to visualize and interactively explore landslide risk by combining static hazard maps, hydrologic networks, and OpenStreetMap data.

We estimated the potential for hillslope instabilities scenarios in the region of interest by using the TanDEM-X World DEM to calculate a suite Factor of Safety (FOS) maps. The FOS estimates the ratio of total resisting and driving forces to hillslope mass movements. By combining the World DEM with other environmental data (e.g., the Harmonized World Soil Database), we were able to create a suite of high-resolution landslide potential maps for the region of interest. The suite of FOS maps are calculated based on user-selectable parameters (e.g, total mass sliding thickness) that are not well constrained by field observations. We additionally use the TanDEM-X World DEM to calculate the hydrologic network for our study area. This allows not only to delineate the stream network, but also to calculate the area upstream of settlements located near rivers or streams that may be impacted by distal landsliding. By integrating the potential landslide hazard in the upstream area, we create a more robust threat estimate for vulnerable settlements.

Disaster relief is not only affected by the physical consequences of a hazardous event, but also by the area’s accessibility and mobility capability for internal displacements. We therefore also estimate the threat along roads and to other infrastructure (e.g. bridges). Decisions based on the area’s road network have to be constantly taken, for instance, to send rescue teams or to coordinate humanitarian logistics. With our approach, we are able to identify critical spots along roads with high likelihood of getting damaged. Furthermore, given a particular potential landslide location and the calculation of its downstream hydrologic network, it is possible to estimate which settlements, roads or bridges may be at risk. This approach could be integrated into flooding early warning systems and into the disaster management response phase to foresee dangers and losses and plan evacuations on time.			</div>

		</div>
			<div id="publication-438" class="publication group">

			<h4>Visualization and Interaction with Multiple Devices. A Case Study on Reachability of Remote Areas for Emergency Management</h4>

			<div class="publication-meta">
													<ul class="publication-authors">
											</ul>
				
												–	<span class="publication-conf">i-com, Journal of Interactive Media. Special Issue: Human-Computer Interaction in Geovisualization</span>
							</div>

			
			<div class="entry-content">
							</div>

		</div>
								</div>
															<h2 id="2015">2015</h2>
							<div class="publications-list">
										<div id="publication-226" class="publication group">

			<h4>i.Ge: Exploring New Game Interaction Metaphors with Interactive Projection</h4>

			<div class="publication-meta">
													<ul class="publication-authors">
											</ul>
				
												–	<span class="publication-conf">Proceedings of the 9th International Conference on Tangible, Embedded, and Embodied Interaction (TEI 2015)</span>
							</div>

			
			<div class="entry-content">
				Video games are traditionally presented and visualized on a screen (flat, portable, touch sensitive or projected) and are mostly restricted by predefined scenarios and character movements. Although the ways in which we interact with games have improved over recent years, the interaction is still limited to their functions and game presets and still happens inside the screen. In this paper we explore new interaction paradigms using i.Ge4, a video game level editor that allows users to interact with their own environment to create game content with every-day physical objects in real time. At this stage, i.Ge explores new ways to interact with the real world by augmenting it with interactive projections, reducing the gap between the real and the digital world in a spatial augmented reality. We also propose other novel naturalistic approaches to create and interact with digital content that involve embodiment and more use of depth.			</div>

		</div>
			<div id="publication-267" class="publication group">

			<h4>Exploring vibrotactile feedback on the body and foot for the purpose of pedestrian navigation</h4>

			<div class="publication-meta">
													<ul class="publication-authors">
											</ul>
				
												–	<span class="publication-conf">In Proceedings of the 2nd international Workshop on Sensor-based Activity Recognition and Interaction - iWOAR 2015. p11. ACM. </span>
							</div>

			
			<div class="entry-content">
							</div>

		</div>
			<div id="publication-268" class="publication group">

			<h4>A brief Survey on Understanding the Interaction between Human and Technology at the Task of Pedestrian Navigation</h4>

			<div class="publication-meta">
													<ul class="publication-authors">
											</ul>
				
												–	<span class="publication-conf">In Proceedings of the International Summer School on Visual Computing 2015 - VCSS 2015. p135-140. Fraunhofer Verlag</span>
							</div>

			
			<div class="entry-content">
							</div>

		</div>
			<div id="publication-332" class="publication group">

			<h4>Anforderungsanalyse bei IT-Experten mittels Experience-Sample-Methode.</h4>

			<div class="publication-meta">
													<ul class="publication-authors">
											</ul>
				
												–	<span class="publication-conf">In: Endmann, A., Fischer, H. & Krökel, M. (Hrsg.): Mensch und Computer 2015 – Usability Professionals. Berlin: De Gruyter Oldenbourg. pp. 133-143.</span>
							</div>

			
			<div class="entry-content">
							</div>

		</div>
			<div id="publication-333" class="publication group">

			<h4>Visualizing Large Spatial Time Series Data on Mobile Devices: Combining the HeatTile System with a Progressive Loading Approach</h4>

			<div class="publication-meta">
													<ul class="publication-authors">
											</ul>
				
												–	<span class="publication-conf">Proceedings of the ICC 2015, Cartography - Maps Connecting the World (Springer)</span>
							</div>

			
			<div class="entry-content">
							</div>

		</div>
			<div id="publication-334" class="publication group">

			<h4>Visualising the» Un-seen «: Towards Critical Approaches and Strategies of Inclusion in Digital Cultural Heritage Interfaces</h4>

			<div class="publication-meta">
													<ul class="publication-authors">
											</ul>
				
												–	<span class="publication-conf">in: KuI (Kultur und Informatik) Cross Media. Busch et al. (Hrsg.) Berlin 2015</span>
							</div>

			
			<div class="entry-content">
							</div>

		</div>
								</div>
														<h2 id="2014">2014</h2>
							<div class="publications-list">
										<div id="publication-228" class="publication group">

			<h4>The Real Augmented Reality: Real-time Game Editor in a Spatial Augmented Environment</h4>

			<div class="publication-meta">
													<ul class="publication-authors">
											</ul>
				
												–	<span class="publication-conf">Proceedings of the 11th Conference on Advances in Computer Entertainment Technology (ACE 2014)</span>
							</div>

			
			<div class="entry-content">
				Video games are conventionally screen-bound, restricted to predefined character movements and have a limited amount of interaction possibilities depending on the controller and the level architecture. Although the ways in which we can interact with games have improved over recent years, the digital world we are interacting with is still normally confined to the screen and restricted by predefined scenarios.

In this paper, we introduce the i.Ge engine, a real-time video game level editor that allows users to interact with their own environment to create game content with real everyday objects, making them part of the level design. Thus, our engine reduces the gap between playing and creating by making both possible at the same time in a spatial augmented reality, thereby introducing new concepts in the field of game interaction and game design.			</div>

		</div>
			<div id="publication-328" class="publication group">

			<h4>Heattile, a New Method for Heatmap Implementations for Mobile web-based Cartographic Applications.</h4>

			<div class="publication-meta">
													<ul class="publication-authors">
											</ul>
				
												–	<span class="publication-conf">In: T. Bandrova et al. (Eds.): Thematic Cartography for the Society, Lecture Notes in Geoinformation and Cartography. International Conference on Cartography and GIS 2014. Berlin: Springer, pp. 33-44.</span>
							</div>

			
			<div class="entry-content">
							</div>

		</div>
			<div id="publication-329" class="publication group">

			<h4>A Comparison of Location Search UI Patterns on Mobile Devices.</h4>

			<div class="publication-meta">
													<ul class="publication-authors">
											</ul>
				
												–	<span class="publication-conf">In: Proceedings of the MobileHCI 2014, Sept. 23–26, 2014, Toronto, ON, CA, pp. 465-470.</span>
							</div>

			
			<div class="entry-content">
							</div>

		</div>
			<div id="publication-330" class="publication group">

			<h4>Too many Markers, revisited. An empirical analysis of web-based methods for overcoming the problem of too many markers in zoomable mapping applications.</h4>

			<div class="publication-meta">
													<ul class="publication-authors">
											</ul>
				
												–	<span class="publication-conf">In: Computational Science and Its Applications (ICCSA), 2014 14th International Conference on Computational Science and Its Applications, pp. 121-125.</span>
							</div>

			
			<div class="entry-content">
							</div>

		</div>
			<div id="publication-331" class="publication group">

			<h4>Interkulturelle Nutzeranforderungen erheben.</h4>

			<div class="publication-meta">
													<ul class="publication-authors">
											</ul>
				
												–	<span class="publication-conf">UP14, Stuttgart. http://dl.mensch-und-computer.de/handle/123456789/3925.</span>
							</div>

			
			<div class="entry-content">
							</div>

		</div>
			<div id="publication-335" class="publication group">

			<h4>The Micro Smart Grid Tabletop — A real world case study for tangible multitouch technologies for communicating complex concepts</h4>

			<div class="publication-meta">
													<ul class="publication-authors">
											</ul>
				
												–	<span class="publication-conf">Published in the Workshop Proceedings of the workshop Tactile/Haptic User Interfaces for Tabletops and Tablets (TacTT) 2014 during the ITS conference 2014 in Dresden.</span>
							</div>

			
			<div class="entry-content">
							</div>

		</div>
								</div>
														<h2 id="2013">2013</h2>
							<div class="publications-list">
										<div id="publication-324" class="publication group">

			<h4>Interaktive Karten und Geovisualisierungen.</h4>

			<div class="publication-meta">
													<ul class="publication-authors">
											</ul>
				
												–	<span class="publication-conf">In: Weber, W., Burmester, M. & Tille, R. (Eds.): Interaktive Infografiken. Berlin: Springer-Verlag, pp. 39-69.</span>
							</div>

			
			<div class="entry-content">
							</div>

		</div>
			<div id="publication-325" class="publication group">

			<h4>Interfacedesign: Corporate Interaction.</h4>

			<div class="publication-meta">
													<ul class="publication-authors">
											</ul>
				
												–	<span class="publication-conf">In: Beyrow, M. et al. (Eds). Corporate Identity und Corporate Design. Das Kompendium. Vol. 2, erweiterte Neuauflage. Ludwigsburg: avedition, pp. 74-91.</span>
							</div>

			
			<div class="entry-content">
							</div>

		</div>
			<div id="publication-326" class="publication group">

			<h4>Popper 2.0. Warum unser Wissen fehlbar ist, und wie wir aus Fehlern lernen. Forschendes Lernen als Schlüsselkompetenz für die Wissensarbeit von morgen.</h4>

			<div class="publication-meta">
													<ul class="publication-authors">
											</ul>
				
												–	<span class="publication-conf">In: Ammann, B. et al. (Eds.) InterFlex. Querdenken erwünscht. Potsdam, pp. 43-45.</span>
							</div>

			
			<div class="entry-content">
							</div>

		</div>
			<div id="publication-327" class="publication group">

			<h4>A. Unfolding – A Simple Library for Interactive Maps and Geovisualizations in Processing.</h4>

			<div class="publication-meta">
													<ul class="publication-authors">
											</ul>
				
												–	<span class="publication-conf">GeoViz 2013, March 6-8, Hamburg, Germany.</span>
							</div>

			
			<div class="entry-content">
							</div>

		</div>
								</div>
														<h2 id="2012">2012</h2>
							<div class="publications-list">
										<div id="publication-323" class="publication group">

			<h4>NeuroPad: Use Cases For A Mobile Physiological Interface.</h4>

			<div class="publication-meta">
													<ul class="publication-authors">
											</ul>
				
												–	<span class="publication-conf">In: NordiCHI'12: Proceedings of the 7th nordic conference on Human computer interaction. Copenhagen, Denmark, October 14 - 17, 2012. ACM, New York, NY, USA, pp. 795-796.</span>
							</div>

			
			<div class="entry-content">
							</div>

		</div>
			<div id="publication-336" class="publication group">

			<h4>A Real-world Mobile Prototyping Framework for Location-and Context-based Services</h4>

			<div class="publication-meta">
													<ul class="publication-authors">
											</ul>
				
												–	<span class="publication-conf">Published at the Wireless Communication and Information (WCI) – Berlin, 2012</span>
							</div>

			
			<div class="entry-content">
							</div>

		</div>
								</div>
														<h2 id="2011">2011</h2>
							<div class="publications-list">
										<div id="publication-73" class="publication group">

			<h4>Exploring Faceted Geo-Spatial Data with Tangible Interaction</h4>

			<div class="publication-meta">
													<ul class="publication-authors">
											</ul>
				
												–	<span class="publication-conf">GeoViz 2011</span>
							</div>

						<div class="publication-more">
													<a class="download-link" target="_blank" href="https://idl.fh-potsdam.de/wp-content/uploads/2015/06/Nagel-Exploring-faceted-geospatial-data-GeoViz11.pdf">PDF</a>
				 – 				<a href="#" class="show-content"><span class="show">Show Abstract</span><span class="hide">Hide Abstract</span></a>
							</div>
			
			<div class="entry-content">
				In this paper we introduce a case study on tangible geo-visualization on an interactive tabletop to enable the exploration of architectural projects in Venice. The tangible user interface consists of a large display showing projects on a map, and a polyhedral object to browse these data interactively by selecting and filtering various metadata facets. With the object we aim to reduce the barrier between the physical world and virtual data, and ease the understanding of faceted geo-spatial data			</div>

		</div>
			<div id="publication-319" class="publication group">

			<h4>Erlebbar machen von Forschung für Studierende an Fachhochschulen.</h4>

			<div class="publication-meta">
													<ul class="publication-authors">
											</ul>
				
												–	<span class="publication-conf">In: Benz, W., Kohler, J., & Landfried, K. (Eds.): Handbuch Qualität in Studium und Lehre. Evaluation nutzen - Akkreditierung sichern - Profil schärfen! Stuttgart: Raabe Fachverlag für Wirtschaftsinformation. Ausgabe Mai 2011 E 3.4 pp. 1-20.</span>
							</div>

			
			<div class="entry-content">
							</div>

		</div>
			<div id="publication-320" class="publication group">

			<h4>Green IT mit Smartphones. EcoChallenge – Eine iPhone-App als Begleiter hin zu einem nachhaltigen Lebensstil.</h4>

			<div class="publication-meta">
													<ul class="publication-authors">
											</ul>
				
												–	<span class="publication-conf">In: Ökologisches Wirtschaften, 4.2011, pp. 21-22.</span>
							</div>

			
			<div class="entry-content">
							</div>

		</div>
			<div id="publication-321" class="publication group">

			<h4>Visualizing Geospatial Co-Authorship Data on a Multitouch Tabletop.</h4>

			<div class="publication-meta">
													<ul class="publication-authors">
											</ul>
				
												–	<span class="publication-conf">In Proceedings of the 11th International Symposium on Smart Graphics, vol. 6815 of Lecture Notes in Computer Science. Springer, 2011, pp. 134–137.</span>
							</div>

			
			<div class="entry-content">
							</div>

		</div>
			<div id="publication-322" class="publication group">

			<h4>Exploring the Geospatial Network of Scientific Collaboration on a Multitouch Tabletop.</h4>

			<div class="publication-meta">
													<ul class="publication-authors">
											</ul>
				
												–	<span class="publication-conf">Demo Abstracts at the Conference on Hypertext and Hypermedia (Hypertext) (2011).</span>
							</div>

			
			<div class="entry-content">
							</div>

		</div>
								</div>
														<h2 id="2010">2010</h2>
							<div class="publications-list">
										<div id="publication-75" class="publication group">

			<h4>Browsing and Correlating Architectural and Territorial Data in Tangible Maps</h4>

			<div class="publication-meta">
													<ul class="publication-authors">
											</ul>
				
												–	<span class="publication-conf">IxD&A 2010</span>
							</div>

						<div class="publication-more">
													<a class="download-link" target="_blank" href="https://idl.fh-potsdam.de/wp-content/uploads/2015/06/IxDEA_10_4.pdf">PDF</a>
				 – 				<a href="#" class="show-content"><span class="show">Show Abstract</span><span class="hide">Hide Abstract</span></a>
							</div>
			
			<div class="entry-content">
				This paper discusses the learning and educational potentialities of the Venice Unfolding prototype, an experimental tabletop application designed to explore and investigate urban and territorial contents and knowledge. The prototype supports and transforms ways of approaching various strategies involved in urban and territorial planning processes. It creates new ways of viewing, understanding and learning about urban and territorial environments and leads to a more efficient examination of their underlying characteristics. In doing so, it fosters greater knowledge generation about their use, evolution and growth. In this paper, the authors describe the prototype’s development, its fundamental concepts and its considerable instructional capabilities that have been piloted with educators and students.			</div>

		</div>
			<div id="publication-77" class="publication group">

			<h4>Venice Unfolding: A Tangible User Interface for Exploring Faceted Data in a Geographical Context</h4>

			<div class="publication-meta">
													<ul class="publication-authors">
											</ul>
				
												–	<span class="publication-conf">NordiCHI 2010</span>
							</div>

						<div class="publication-more">
													<a class="download-link" target="_blank" href="https://idl.fh-potsdam.de/wp-content/uploads/2015/06/Nagel-VeniceUnfolding-NordiCHI10.pdf">PDF</a>
				 – 				<a href="#" class="show-content"><span class="show">Show Abstract</span><span class="hide">Hide Abstract</span></a>
							</div>
			
			<div class="entry-content">
				We introduce Venice Unfolding, a case study on tangible geo-visualization on an interactive tabletop to enable the exploration of architectural projects in Venice. Our tangible user interface consists of a large display showing projects on a map, and a polyhedral object to browse these data interactively by selecting and filtering various metadata facets. In this paper we describe a prototype employing new methods to communicate territorial data in visual and tangible ways. The object reduces the barrier between the physical world and virtual data, and eases the understanding of faceted geographical data, enabling urban planners and citizens alike to participate in the discovery and analysis of information referring to the physical world.			</div>

		</div>
			<div id="publication-79" class="publication group">

			<h4>Browsing and Correlation of Territorial Data in Tangible Maps – A Venice Case Study</h4>

			<div class="publication-meta">
													<ul class="publication-authors">
											</ul>
				
												–	<span class="publication-conf">INPUT 2010</span>
							</div>

			
			<div class="entry-content">
							</div>

		</div>
			<div id="publication-193" class="publication group">

			<h4>mæve – An interactive Tabletop-Installation</h4>

			<div class="publication-meta">
													<ul class="publication-authors">
											</ul>
				
												–	<span class="publication-conf">Kultur und Informatik: Interaktive Systeme, 2010</span>
							</div>

			
			<div class="entry-content">
							</div>

		</div>
			<div id="publication-317" class="publication group">

			<h4>Browsing and correlation of territorial data in tangible maps – a Venice case study.</h4>

			<div class="publication-meta">
													<ul class="publication-authors">
											</ul>
				
												–	<span class="publication-conf">INPUT 2010, UniBas, Potenza, Italy.</span>
							</div>

			
			<div class="entry-content">
							</div>

		</div>
			<div id="publication-318" class="publication group">

			<h4>Venice Unfolding: A Tangible User Interface for Exploring Facetted Data in a Geographical Context.</h4>

			<div class="publication-meta">
													<ul class="publication-authors">
											</ul>
				
												–	<span class="publication-conf">Proceedings: NordiCHI 2010, October 16–20, 2010. pp. 743-746.</span>
							</div>

			
			<div class="entry-content">
							</div>

		</div>
			<div id="publication-337" class="publication group">

			<h4>Muse: Visualizing the origins and connections of institutions based on co-authorship of publications</h4>

			<div class="publication-meta">
													<ul class="publication-authors">
											</ul>
				
												–	<span class="publication-conf">Science2.0 for TEL workshop at EC-TEL 2010, Barcelona, Spain</span>
							</div>

			
			<div class="entry-content">
							</div>

		</div>
			<div id="publication-338" class="publication group">

			<h4>Components of a Science 2.0 Infrastructure. Proceedings of Fifth European Conference on Technology Enhanced Learning; EC-TEL 2010; Barcelona; Spain</h4>

			<div class="publication-meta">
													<ul class="publication-authors">
											</ul>
				
											</div>

			
			<div class="entry-content">
							</div>

		</div>
			<div id="publication-339" class="publication group">

			<h4>mæve – Eine interaktive Tabletop-Installation</h4>

			<div class="publication-meta">
													<ul class="publication-authors">
											</ul>
				
												–	<span class="publication-conf">In: Sieck; J. (Hrsg.); Kultur und Informatik: Interaktive Systeme; 2010</span>
							</div>

			
			<div class="entry-content">
							</div>

		</div>
								</div>
														<h2 id="2009">2009</h2>
							<div class="publications-list">
										<div id="publication-194" class="publication group">

			<h4>mæve – An Interactive Tabletop Installation for Exploring Background Information in Exhibitions</h4>

			<div class="publication-meta">
													<ul class="publication-authors">
											</ul>
				
												–	<span class="publication-conf">Proceedings of the 13th International Conference on HCI, San Diego, USA</span>
							</div>

			
			<div class="entry-content">
							</div>

		</div>
			<div id="publication-316" class="publication group">

			<h4>Interaction Design for Situation Awareness. Eyetracking and Heuristics for Control Centers.</h4>

			<div class="publication-meta">
													<ul class="publication-authors">
											</ul>
				
												–	<span class="publication-conf">In: Proceedings of the Institute of Image Electronics Engineers of Japan. Kyoto 03/09, pp. 17-22.</span>
							</div>

			
			<div class="entry-content">
							</div>

		</div>
			<div id="publication-340" class="publication group">

			<h4>A Conversational Model to Display User Activity</h4>

			<div class="publication-meta">
													<ul class="publication-authors">
											</ul>
				
												–	<span class="publication-conf">In proceedings of the BCS conference on Human Computer Interaction – HCI2009 (Cambridge; UK; September 1-6). ACM; New York; NY.</span>
							</div>

			
			<div class="entry-content">
							</div>

		</div>
			<div id="publication-341" class="publication group">

			<h4>User Activity Display: Competition or Conversation?</h4>

			<div class="publication-meta">
													<ul class="publication-authors">
											</ul>
				
												–	<span class="publication-conf">In proceedings of Mensch&Computer Conference (Berlin; Germany; September 6-7). German Chapter of the ACM.</span>
							</div>

			
			<div class="entry-content">
							</div>

		</div>
								</div>
														<h2 id="2008">2008</h2>
							<div class="publications-list">
										<div id="publication-314" class="publication group">

			<h4>Human-Computer Cooperation.</h4>

			<div class="publication-meta">
													<ul class="publication-authors">
											</ul>
				
												–	<span class="publication-conf">In: Bullinger, H.-P. (Ed.): Technology Guide. Berlin: Springer, pp. 216-221.</span>
							</div>

			
			<div class="entry-content">
							</div>

		</div>
			<div id="publication-315" class="publication group">

			<h4>Meshed Interaction Design Patterns.</h4>

			<div class="publication-meta">
													<ul class="publication-authors">
											</ul>
				
												–	<span class="publication-conf">In: Proceedings of the IADIS International Conference Interfaces and Human Computer Interaction 2008, Amsterdam, pp. 149-156.</span>
							</div>

			
			<div class="entry-content">
							</div>

		</div>
			<div id="publication-342" class="publication group">

			<h4>MACE: Connecting and Enriching Repositories for Architectural Learning</h4>

			<div class="publication-meta">
													<ul class="publication-authors">
											</ul>
				
												–	<span class="publication-conf">In: Browsing Architecture: Metadata and Beyond : International Conference on Online Repositories in Architecture (Venice; Italy 20 -21 Sept. 2008); pp.22-49. Fraunhofer IRB Verlag; Stuttgart</span>
							</div>

			
			<div class="entry-content">
							</div>

		</div>
			<div id="publication-343" class="publication group">

			<h4>Semiotic based facetted classification to support browsing architectural contents in MACE</h4>

			<div class="publication-meta">
													<ul class="publication-authors">
											</ul>
				
												–	<span class="publication-conf">Proceedings of the CIB Information and Knowledge Management in Building conference</span>
							</div>

			
			<div class="entry-content">
							</div>

		</div>
			<div id="publication-344" class="publication group">

			<h4>Browsing Architecture: Metadata and Beyond</h4>

			<div class="publication-meta">
													<ul class="publication-authors">
											</ul>
				
												–	<span class="publication-conf">EAAE Transactions on Architectural Education no. 40; Fraunhofer IRB Verlag; Stuttgart.</span>
							</div>

			
			<div class="entry-content">
							</div>

		</div>
								</div>
														<h2 id="2007">2007</h2>
							<div class="publications-list">
										<div id="publication-311" class="publication group">

			<h4>WebSCORE – Konzeption, Design und Evaluation von Webapplikationen.</h4>

			<div class="publication-meta">
													<ul class="publication-authors">
											</ul>
				
												–	<span class="publication-conf">In: Beinhauer, W. & Ziegler, J. (Eds.): Interaktion mit komplexen Informationsräumen. München: Oldenbourg, pp. 142-155.</span>
							</div>

			
			<div class="entry-content">
							</div>

		</div>
			<div id="publication-312" class="publication group">

			<h4>Usability – ein kleines Wort mit großer Bedeutung.</h4>

			<div class="publication-meta">
													<ul class="publication-authors">
											</ul>
				
												–	<span class="publication-conf">In: Hinz. K. et al. (Eds.): Designmanagement. Berlin: FHTW Berlin</span>
							</div>

			
			<div class="entry-content">
							</div>

		</div>
			<div id="publication-313" class="publication group">

			<h4>Interfacedesign als Teil der Corporate Identity.</h4>

			<div class="publication-meta">
													<ul class="publication-authors">
											</ul>
				
												–	<span class="publication-conf">In: Beyrow, M. et al. (Eds). Corporate Identity und Corporate Design. Neues Kompendium. Ludwigsburg: avedition, pp. 108-117.</span>
							</div>

			
			<div class="entry-content">
							</div>

		</div>
			<div id="publication-345" class="publication group">

			<h4>Enriching E-Learning Contents for Architecture in the MACE Project</h4>

			<div class="publication-meta">
													<ul class="publication-authors">
											</ul>
				
												–	<span class="publication-conf">Proceedings of the Variazioni Workshop held in conjunction with the AXMEDIS conference</span>
							</div>

			
			<div class="entry-content">
							</div>

		</div>
								</div>
														<h2 id="2006">2006</h2>
							<div class="publications-list">
										<div id="publication-308" class="publication group">

			<h4>Usability von Smart Home User Interfaces – Herausforderungen und Lösungsansätze.</h4>

			<div class="publication-meta">
													<ul class="publication-authors">
											</ul>
				
												–	<span class="publication-conf">In: i-com, Vol. 5, Heft 1, pp. 24-33.</span>
							</div>

			
			<div class="entry-content">
							</div>

		</div>
			<div id="publication-309" class="publication group">

			<h4>Mensch-Computer-Kooperation.</h4>

			<div class="publication-meta">
													<ul class="publication-authors">
											</ul>
				
												–	<span class="publication-conf">In: Bullinger, H.-J. (Ed.): Technologieführer. Berlin. Springer, pp. 144-149.</span>
							</div>

			
			<div class="entry-content">
							</div>

		</div>
			<div id="publication-310" class="publication group">

			<h4>Intuitive Lösungen für intelligente Häuser.</h4>

			<div class="publication-meta">
													<ul class="publication-authors">
											</ul>
				
												–	<span class="publication-conf">In: Spath, D. (Ed.): Technologiemanagement in der Praxis. Stuttgart: Fraunhofer IRB Verlag, pp. 123-127.</span>
							</div>

			
			<div class="entry-content">
							</div>

		</div>
								</div>
														<h2 id="2005">2005</h2>
							<div class="publications-list">
										<div id="publication-304" class="publication group">

			<h4>The ClinicCoach Reference Scenario.</h4>

			<div class="publication-meta">
													<ul class="publication-authors">
											</ul>
				
												–	<span class="publication-conf">In: Stephanidis, C. (Ed.): Universal Access in Health Telematics. Berlin: Springer, pp. 64-68.</span>
							</div>

			
			<div class="entry-content">
							</div>

		</div>
			<div id="publication-305" class="publication group">

			<h4>MedicSCORE and the Evaluation of ClinicCoach.</h4>

			<div class="publication-meta">
													<ul class="publication-authors">
											</ul>
				
												–	<span class="publication-conf">In: Stephanidis, C. (Ed.): Universal Access in Health Telematics. Berlin: Springer, pp. 240-254.</span>
							</div>

			
			<div class="entry-content">
							</div>

		</div>
			<div id="publication-306" class="publication group">

			<h4>Standards Adherence and Compliance.</h4>

			<div class="publication-meta">
													<ul class="publication-authors">
											</ul>
				
												–	<span class="publication-conf">In: Stephanidis, C. (Ed.): Universal Access in Health Telematics. Berlin: Springer, pp. 255-270.</span>
							</div>

			
			<div class="entry-content">
							</div>

		</div>
			<div id="publication-307" class="publication group">

			<h4>Blickeingabe als Alternative zur Steuerung von Multimedia-Systemen im Fahrzeug.</h4>

			<div class="publication-meta">
													<ul class="publication-authors">
											</ul>
				
												–	<span class="publication-conf">In: Vehicle Interaction Summit II: Interaktive Systeme im Fahrzeug. Institutszentrum Stuttgart der Fraunhofer-Gesellschaft (32 pp.). Stuttgart: Fraunhofer IAO.</span>
							</div>

			
			<div class="entry-content">
							</div>

		</div>
								</div>
														<h2 id="2004">2004</h2>
							<div class="publications-list">
										<div id="publication-300" class="publication group">

			<h4>Auf dem Leuchttisch.</h4>

			<div class="publication-meta">
													<ul class="publication-authors">
											</ul>
				
												–	<span class="publication-conf">In: Kommune 21, Heft 01/2004, pp. 14-15.</span>
							</div>

			
			<div class="entry-content">
							</div>

		</div>
			<div id="publication-301" class="publication group">

			<h4>Ergonomie-Normen und -Spezifikationen für E-Government-An-wendungen.</h4>

			<div class="publication-meta">
													<ul class="publication-authors">
											</ul>
				
												–	<span class="publication-conf">In: Kommune 21, Heft 02/2004, pp. 16-17.</span>
							</div>

			
			<div class="entry-content">
							</div>

		</div>
			<div id="publication-302" class="publication group">

			<h4>Vorbild Wirtschaft: Gütesiegel für E-Government-Anwendungen.</h4>

			<div class="publication-meta">
													<ul class="publication-authors">
											</ul>
				
												–	<span class="publication-conf">In: Kommune 21, Heft 03/2004, pp. 18-19.</span>
							</div>

			
			<div class="entry-content">
							</div>

		</div>
			<div id="publication-303" class="publication group">

			<h4>Usability von Sprach-Applikationen.</h4>

			<div class="publication-meta">
													<ul class="publication-authors">
											</ul>
				
												–	<span class="publication-conf">Stuttgart: Fraunhofer IRB Verlag.</span>
							</div>

			
			<div class="entry-content">
							</div>

		</div>
								</div>
														<h2 id="2003">2003</h2>
							<div class="publications-list">
										<div id="publication-289" class="publication group">

			<h4>Benutzerzentrierte Visualisierung raumbezogener Informationen für ultraportable mobile Systeme.</h4>

			<div class="publication-meta">
													<ul class="publication-authors">
											</ul>
				
												–	<span class="publication-conf">In: Deutsche Gesellschaft für Kartographie (Ed.): Visualisierung und Erschließung von Geodaten. (= Kartographische Schriften, Bd. 7). Bonn: Kirschbaum Verlag, pp. 388-392.</span>
							</div>

			
			<div class="entry-content">
							</div>

		</div>
			<div id="publication-290" class="publication group">

			<h4>When a House Controls its Master &#8211; Universal Design for Smart Living Environments.</h4>

			<div class="publication-meta">
													<ul class="publication-authors">
											</ul>
				
												–	<span class="publication-conf">In: Jacko, J. & Stephanidis, C. (Eds.): Proceedings of HCII 2003, 10th International Conference on Human-Computer Interaction, Volume 1, Crete, Greece. Mahwah, N.J.: Lawrence Erlbaum, pp. 1228-1232.</span>
							</div>

			
			<div class="entry-content">
							</div>

		</div>
			<div id="publication-291" class="publication group">

			<h4>Universal Accessibility for Health Telematics.</h4>

			<div class="publication-meta">
													<ul class="publication-authors">
											</ul>
				
												–	<span class="publication-conf">In: Stephanidis, C. (Ed.): Universal Access in HCI. Proceedings of HCII 2003, 10th International Conference on Human-Computer Interaction, Volume 4, Crete, Greece. Mahwah, N.J.: Lawrence Erlbaum, pp. 404-408.</span>
							</div>

			
			<div class="entry-content">
							</div>

		</div>
			<div id="publication-292" class="publication group">

			<h4>WebSCORE expert screening – A low-budget Approach for Evaluating Web applications.</h4>

			<div class="publication-meta">
													<ul class="publication-authors">
											</ul>
				
												–	<span class="publication-conf">In: Jacko, J. & Stephanidis, C. (Eds.): Proceedings of HCII 2003, 10th International Conference on Human-Computer Interaction, Volume 1, Crete, Greece. Mahwah, N.J.: Lawrence Erlbaum, pp. 838-842.</span>
							</div>

			
			<div class="entry-content">
							</div>

		</div>
			<div id="publication-293" class="publication group">

			<h4>Interactive Maps on Mobile, Location-based Systems: Design Solutions and Usability Testing.</h4>

			<div class="publication-meta">
													<ul class="publication-authors">
											</ul>
				
												–	<span class="publication-conf">In: Harris, D. et al. (Eds.): Human-Centred Computing. Proceedings of HCII 2003, 10th International Conference on Human-Computer Interaction, Volume 3, Crete, Greece. Mahwah, N.J.: Lawrence Erlbaum, pp. 1258-1262.</span>
							</div>

			
			<div class="entry-content">
							</div>

		</div>
			<div id="publication-294" class="publication group">

			<h4>Usability Engineering von Sprach-Applikationen.</h4>

			<div class="publication-meta">
													<ul class="publication-authors">
											</ul>
				
												–	<span class="publication-conf">In: Machate, J. & Burmester, M. (Eds.): User Interface Tuning – Benutzungsschnittstellen menschlich gestalten. Frankfurt a.M.: Software & Support Verlag, pp. 299-317.</span>
							</div>

			
			<div class="entry-content">
							</div>

		</div>
			<div id="publication-295" class="publication group">

			<h4>User-centred Design for Interactive Maps on PDAs and Smartphones.</h4>

			<div class="publication-meta">
													<ul class="publication-authors">
											</ul>
				
												–	<span class="publication-conf">In: International Cartographic Association (Ed.): Proceedings of the 21st International Cartographic Conference 2003, Durban, pp. 1299-1305.</span>
							</div>

			
			<div class="entry-content">
							</div>

		</div>
			<div id="publication-296" class="publication group">

			<h4>LIVEFUTURA &#8211; User-centred Design for Smart Homes.</h4>

			<div class="publication-meta">
													<ul class="publication-authors">
											</ul>
				
												–	<span class="publication-conf">In: Proceedings of the XVth Triennial Congress of the International Ergonomics Association, Seoul, CD-ROM.</span>
							</div>

			
			<div class="entry-content">
							</div>

		</div>
			<div id="publication-297" class="publication group">

			<h4>Nutzwert als Prozess.</h4>

			<div class="publication-meta">
													<ul class="publication-authors">
											</ul>
				
												–	<span class="publication-conf">In: Kommune 21, Heft 9/2003, pp. 12-13.</span>
							</div>

			
			<div class="entry-content">
							</div>

		</div>
			<div id="publication-298" class="publication group">

			<h4>Nutzerzentrierte Visualisierung raumbezogener Informationen.</h4>

			<div class="publication-meta">
													<ul class="publication-authors">
											</ul>
				
												–	<span class="publication-conf">In: Kartographische Nachrichten. Fachzeitschrift für Geoinformation und Visualisierung, Heft 6/03, pp. 257-258.</span>
							</div>

			
			<div class="entry-content">
							</div>

		</div>
			<div id="publication-299" class="publication group">

			<h4>Gradmesser Gruppe: Anforderungen für erfolgreiche eGovernment-Applikationen professionell erheben.</h4>

			<div class="publication-meta">
													<ul class="publication-authors">
											</ul>
				
												–	<span class="publication-conf">In: Kommune 21, Heft 12/2003, pp. 18-19.</span>
							</div>

			
			<div class="entry-content">
							</div>

		</div>
								</div>
														<h2 id="2002">2002</h2>
							<div class="publications-list">
										<div id="publication-282" class="publication group">

			<h4>Usability Engineering für web-basierte Applikationen.</h4>

			<div class="publication-meta">
													<ul class="publication-authors">
											</ul>
				
												–	<span class="publication-conf">In: it+ti Informationstechnik und Technische Informatik 44, Heft 1, pp. 5-13.</span>
							</div>

			
			<div class="entry-content">
							</div>

		</div>
			<div id="publication-283" class="publication group">

			<h4>Eye-Tracking.</h4>

			<div class="publication-meta">
													<ul class="publication-authors">
											</ul>
				
												–	<span class="publication-conf">In: i-com Zeitschrift für interaktive und kooperative Medien, Heft 1, pp. 54-55.</span>
							</div>

			
			<div class="entry-content">
							</div>

		</div>
			<div id="publication-284" class="publication group">

			<h4>Implementation of an Intranet for Internal Communication Purposes.</h4>

			<div class="publication-meta">
													<ul class="publication-authors">
											</ul>
				
												–	<span class="publication-conf">In: Proceedings of the 6th international Conference on Work with Display Units 2002. Berlin: ERGONOMIC, pp. 181-182.</span>
							</div>

			
			<div class="entry-content">
							</div>

		</div>
			<div id="publication-285" class="publication group">

			<h4>WebSCORE – A structured Method for Evaluating Web Applications.</h4>

			<div class="publication-meta">
													<ul class="publication-authors">
											</ul>
				
												–	<span class="publication-conf">In: Proceedings of the 6th international Conference on Work with Display Units 2002. Berlin: ERGONOMIC, pp. 450-451.</span>
							</div>

			
			<div class="entry-content">
							</div>

		</div>
			<div id="publication-286" class="publication group">

			<h4>Web Usability – Kann Standardisierung helfen?</h4>

			<div class="publication-meta">
													<ul class="publication-authors">
											</ul>
				
												–	<span class="publication-conf">In: i-com Zeitschrift für interaktive und kooperative Medien, Heft 2, pp. 42-43.</span>
							</div>

			
			<div class="entry-content">
							</div>

		</div>
			<div id="publication-287" class="publication group">

			<h4>User Requirement Analysis and Interface Conception for a Mobile, Location-based Fair Guide.</h4>

			<div class="publication-meta">
													<ul class="publication-authors">
											</ul>
				
												–	<span class="publication-conf">In: Paternò, F. (Ed.): Human-Computer Interaction with mobile devices. Proceedings of the 4th International Symposium Mobile HCI Berlin. Heidelberg: Springer, pp. 388-392.</span>
							</div>

			
			<div class="entry-content">
							</div>

		</div>
			<div id="publication-288" class="publication group">

			<h4>Usability Engineering für multimodale Interaktionsformen.</h4>

			<div class="publication-meta">
													<ul class="publication-authors">
											</ul>
				
												–	<span class="publication-conf">In: i-com Zeitschrift für interaktive und kooperative Medien, Heft 3, pp. 51-55.</span>
							</div>

			
			<div class="entry-content">
							</div>

		</div>
								</div>
														<h2 id="2001">2001</h2>
							<div class="publications-list">
										<div id="publication-279" class="publication group">

			<h4>Web Usability.</h4>

			<div class="publication-meta">
													<ul class="publication-authors">
											</ul>
				
												–	<span class="publication-conf">In: i-com Zeitschrift für interaktive und kooperative Medien, Heft 0, pp. 50-51.</span>
							</div>

			
			<div class="entry-content">
							</div>

		</div>
			<div id="publication-280" class="publication group">

			<h4>Adaptierbarkeit.</h4>

			<div class="publication-meta">
													<ul class="publication-authors">
											</ul>
				
												–	<span class="publication-conf">In: Lexikon der Kartographie und Geomatik. Bd. 1 bis 2. Heidelberg: Spektrum Akademischer Verlag, pp. 6-7. Insgesamt 80 Stichworttexte und Essays, u.a. zu den Themen: Ergonomie, Hypermediale Lernumgebung, Interaktivität, Lernen, Mensch-Maschine-Kommunikation, Usability Engineering.</span>
							</div>

			
			<div class="entry-content">
							</div>

		</div>
			<div id="publication-281" class="publication group">

			<h4>Simulating Recognition Errors in Speech User Interface Prototyping.</h4>

			<div class="publication-meta">
													<ul class="publication-authors">
											</ul>
				
												–	<span class="publication-conf">In: Smith, M.J. et al. (Eds.): Usability Evaluation and Interface Design. Proceedings of HCI International 2001, Vol. 1. Mahwah, N.J.: Lawrence Erlbaum, pp. 233-237.</span>
							</div>

			
			<div class="entry-content">
							</div>

		</div>
								</div>
														<h2 id="2000">2000</h2>
							<div class="publications-list">
										<div id="publication-278" class="publication group">

			<h4>Aufmerksamkeit.</h4>

			<div class="publication-meta">
													<ul class="publication-authors">
											</ul>
				
												–	<span class="publication-conf">In: Lexikon der Geowissenschaften. Bd. 1 bis 6. Heidelberg: Spektrum Akademischer Verlag, p. 158. Insgesamt 40 Stichworttexte und Essays, u.a. zu den Themen: Gedächtnis, Blickbewegungsregistrierung, Lehr- und Lernmedien, Wahrnehmung etc.</span>
							</div>

			
			<div class="entry-content">
							</div>

		</div>
								</div>
														<h2 id="1999">1999</h2>
							<div class="publications-list">
										<div id="publication-276" class="publication group">

			<h4>Aufgaben- und nutzerorientierte Unterstützung kartographischer Kommunikationsprozesse durch Arbeitsgraphik. Konzeptionen, Modellbildung und experimentelle Untersuchungen.</h4>

			<div class="publication-meta">
													<ul class="publication-authors">
											</ul>
				
												–	<span class="publication-conf">(Forschen und Wissen, Unterreihe Informatik), Herdecke: GCA-Verlag.</span>
							</div>

			
			<div class="entry-content">
							</div>

		</div>
			<div id="publication-277" class="publication group">

			<h4>Kartographische Bildschirmkommunikation. Forschungsbericht.</h4>

			<div class="publication-meta">
													<ul class="publication-authors">
											</ul>
				
												–	<span class="publication-conf">(Beiträge zur kartographischen Informationsverarbeitung, Bd. 13), Trier.</span>
							</div>

			
			<div class="entry-content">
							</div>

		</div>
								</div>
															<h2 id="1997">1997</h2>
							<div class="publications-list">
										<div id="publication-273" class="publication group">

			<h4>Modelling Graphic Presentation Forms to Support Cognitive Operations in Screen Maps.</h4>

			<div class="publication-meta">
													<ul class="publication-authors">
											</ul>
				
												–	<span class="publication-conf">In: Ottoson, L. (Ed.): Proceedings of the 18th International Cartographic Conference 97 Stockholm, Gävle, pp. 1452-1461.</span>
							</div>

			
			<div class="entry-content">
							</div>

		</div>
			<div id="publication-274" class="publication group">

			<h4>Kartographische Bildschirmkommunikation. Methodische Ansätze zur empirischen Untersuchung raumbezogener Informationsprozesse.</h4>

			<div class="publication-meta">
													<ul class="publication-authors">
											</ul>
				
												–	<span class="publication-conf">In: Baumhauer, R. (Ed.): Aktuelle Forschungen aus dem FB VI. (= Trierer Geographische Studien, H. 16), Trier, pp. 267-284.</span>
							</div>

			
			<div class="entry-content">
							</div>

		</div>
			<div id="publication-275" class="publication group">

			<h4>Empirische Untersuchungen zum Einsatz von Ar-beitsgraphik in kartographischen Informationssystemen.</h4>

			<div class="publication-meta">
													<ul class="publication-authors">
											</ul>
				
												–	<span class="publication-conf">In: Deutsche Gesellschaft für Kartographie (Ed.): GIS und Kartographie im multimedialen Umfeld. (= Kartographische Schriften, Bd. 2), Bonn: Kirschbaum Verlag, pp. 99-106.</span>
							</div>

			
			<div class="entry-content">
							</div>

		</div>
								</div>
														<h2 id="1996">1996</h2>
							<div class="publications-list">
										<div id="publication-271" class="publication group">

			<h4>In: Schweizerische Gesellschaft für Kartographie (Ed.): Kartographie im Umbruch &#8211; neue Herausforderungen, neue Technologien. Beiträge zum Kartographiekongress Interlaken 96, Bern, pp. 133-155.</h4>

			<div class="publication-meta">
													<ul class="publication-authors">
											</ul>
				
											</div>

			
			<div class="entry-content">
							</div>

		</div>
			<div id="publication-272" class="publication group">

			<h4>Modellierung graphischer Präsentationsformen zur Unterstützung kognitiver Operationen in Bildschirmkarten.</h4>

			<div class="publication-meta">
													<ul class="publication-authors">
											</ul>
				
												–	<span class="publication-conf">In: Dollinger, F. & Strobel, J. (Eds.): Angewandte Geographische Informationsverarbeitung VIII. (= Salzburger Geographische Materialien, H. 24), Salzburg, pp. 166-172.</span>
							</div>

			
			<div class="entry-content">
							</div>

		</div>
								</div>
												</div>
				</div>
			</div>

		</div>